url,page,businesses_listed,business_slugs,business_names
https://polokwanehub.com/category/accommodation/annadale/,"Accommodation in Annadale, Polokwane",1,rolters-guest-house-annadale,Rolter's Guest House
https://polokwanehub.com/category/accommodation/bendor-park/,"Accommodation in Bendor Park, Polokwane",1,ivory-lodge-bendor-park,Ivory Lodge Bendor
https://polokwanehub.com/category/accommodation/eduan-park/,"Accommodation in Eduan Park, Polokwane",1,magnolia-guest-house-eduan-park,Magnolia Guest House
https://polokwanehub.com/category/accommodation/ivy-park/,"Accommodation in Ivy Park, Polokwane",1,masai-lodge-ivy-park,Masai Lodge
https://polokwanehub.com/category/accommodation/ladanna/,"Accommodation in Ladanna, Polokwane",1,vona-lodge-ladanna,Vona Lodge
https://polokwanehub.com/category/accommodation/seshego-zone-1/,"Accommodation in Seshego Zone 1, Polokwane",1,oasis-lodge-seshego-seshego-zone-1,Oasis Lodge Seshego
https://polokwanehub.com/category/accommodation/seshego-zone-4/,"Accommodation in Seshego Zone 4, Polokwane",1,gracious-guest-manor-seshego-zone-4,Gracious Guest Manor
https://polokwanehub.com/category/accommodation/seshego/,"Accommodation in Seshego, Polokwane",1,seshego-guesthouse-seshego,Seshego Guesthouse
https://polokwanehub.com/category/accountants/bendor-park/,"Accountants in Bendor Park, Polokwane",1,dzb-chartered-accountants-bendor-park,DZB Chartered Accountants
https://polokwanehub.com/category/accountants/fauna-park/,"Accountants in Fauna Park, Polokwane",1,deep-blue-accountants-fauna-park,Deep Blue Accountants
https://polokwanehub.com/category/accountants/moregloed/,"Accountants in Moregloed, Polokwane",1,ligthelm-accountants-moregloed,Ligthelm Accountants
https://polokwanehub.com/category/accountants/welgelegen/,"Accountants in Welgelegen, Polokwane",1,jb-accountants-welgelegen,JB Accountants
https://polokwanehub.com/category/agricultural-farming-supplies/futura/,"Agricultural & Farming Supplies in Futura, Polokwane",1,polokwane-tractors-futura,Polokwane Tractors (Pty) Ltd
https://polokwanehub.com/category/agricultural-farming-supplies/laboria/,"Agricultural & Farming Supplies in Laboria, Polokwane",1,sizabantu-piping-systems-limpopo-division-laboria,Sizabantu Piping Systems - Limpopo Division
https://polokwanehub.com/category/appliance-repairs/flora-park/,"Appliance Repairs in Flora Park, Polokwane",1,aircare-flora-park,AirCare
https://polokwanehub.com/category/appliance-repairs/polokwane-central/,"Appliance Repairs in Polokwane Central, Polokwane",1,fridge-repairs-polokwane-central,Fridge Repairs
https://polokwanehub.com/category/attorneys-legal/annadale/,"Attorneys & Legal Services in Annadale, Polokwane",1,a-m-carrim-attorneys-annadale,A M Carrim & Attorneys
https://polokwanehub.com/category/attorneys-legal/hospark/,"Attorneys & Legal Services in Hospital Park, Polokwane",1,bosman-attorneys-hospark,Bosman Attorneys
https://polokwanehub.com/category/attorneys-legal/superbia/,"Attorneys & Legal Services in Superbia, Polokwane",1,sheriff-of-the-court-superbia,Sheriff of the Court
https://polokwanehub.com/category/attorneys-legal/welgelegen/,"Attorneys & Legal Services in Welgelegen, Polokwane",1,pule-incorporated-welgelegen,Pule Incorporated
https://polokwanehub.com/category/automotive-repairs/ladanna/,"Automotive & Repairs in Ladanna, Polokwane",1,k-l-engineering-works-ladanna,K L Engineering Works
https://polokwanehub.com/category/automotive-repairs/mankweng/,"Automotive & Repairs in Mankweng, Polokwane",1,mankweng-midas-mankweng,Mankweng Midas
https://polokwanehub.com/category/automotive-repairs/seshego/,"Automotive & Repairs in Seshego, Polokwane",1,midas-seshego-plaza-seshego,Midas Seshego Plaza
https://polokwanehub.com/category/bakeries/ladanna/,"Bakeries in Ladanna, Polokwane",1,ntsoaki-confectionery-ladanna,Ntsoaki Confectionery
https://polokwanehub.com/category/bakeries/lebowakgomo/,"Bakeries in Lebowakgomo, Polokwane",1,sasko-bakery-lebowakgomo,Sasko (Polokwane) Bakery
https://polokwanehub.com/category/bakeries/nirvana/,"Bakeries in Nirvana, Polokwane",1,best-bake-bakery-nirvana,Best Bake Bakery
https://polokwanehub.com/category/banks-atms/annadale/,"Banks & ATMs in Annadale, Polokwane",1,nedbank-atm-engen-ladanna-annadale,Nedbank ATM Engen Ladanna
https://polokwanehub.com/category/banks-atms/ivy-park/,"Banks & ATMs in Ivy Park, Polokwane",1,nedbank-atm-foodzone-ivy-park-ivy-park,Nedbank ATM Foodzone Ivy Park
https://polokwanehub.com/category/banks-atms/ladanna/,"Banks & ATMs in Ladanna, Polokwane",1,absa-atm-ladanna-ladanna,Absa ATM Ladanna
https://polokwanehub.com/category/barbershops/bendor/,"Barbershops in Bendor, Polokwane",1,legends-barbershop-mall-of-the-north-bendor,Legends Barbershop Mall of the North
https://polokwanehub.com/category/barbershops/extension-76/,"Barbershops in Extension 76, Polokwane",1,mahlatse-mjs-barbershop-extension-76,Mahlatse Mj's Barbershop
https://polokwanehub.com/category/barbershops/polokwane-central/,"Barbershops in Polokwane Central, Polokwane",1,legends-barbershop-polokwane-central-polokwane-central,Legends Barbershop Polokwane Central
https://polokwanehub.com/category/beauty-hair-salons/flora-park/,"Beauty & Hair Salons in Flora Park, Polokwane",1,professional-nail-and-beauty-supplies-flora-park,Professional Nail And Beauty Supplies
https://polokwanehub.com/category/beauty-hair-salons/mankweng/,"Beauty & Hair Salons in Mankweng, Polokwane",1,greytow-salon-mankweng,GreyTow Salon
https://polokwanehub.com/category/beauty-hair-salons/moregloed/,"Beauty & Hair Salons in Moregloed, Polokwane",1,v-inked-tattoos-moregloed,V-Inked Tattoos
https://polokwanehub.com/category/beauty-hair-salons/penina-park/,"Beauty & Hair Salons in Penina Park, Polokwane",1,galaxy-nail-studio-penina-park,Galaxy Nail Studio
https://polokwanehub.com/category/beauty-hair-salons/sterpark/,"Beauty & Hair Salons in Sterpark, Polokwane",1,malik-hair-stylist-sterpark,Malik Hair Stylist
https://polokwanehub.com/category/beauty-hair-salons/thornhill-estate/,"Beauty & Hair Salons in Thornhill Estate, Polokwane",1,hussains-hair-salon-thornhill-estate,Hussains Hair Salon
https://polokwanehub.com/category/beauty-hair-salons/welgelegen/,"Beauty & Hair Salons in Welgelegen, Polokwane",1,mv-studio-welgelegen,MV Studio
https://polokwanehub.com/category/bookkeeping-services/bendor/,"Bookkeeping Services in Bendor, Polokwane",1,the-tax-shop-polokwane-west-bendor,The Tax Shop Polokwane West
https://polokwanehub.com/category/bookkeeping-services/polokwane-central/,"Bookkeeping Services in Polokwane Central, Polokwane",1,tax-saviour-polokwane-central,Tax Saviour (Pty) Ltd
https://polokwanehub.com/category/books-stationery/bendor-park/,"Books & Stationery in Bendor Park, Polokwane",1,pna-cycad-centre-bendor-park,PNA Cycad Centre
https://polokwanehub.com/category/books-stationery/mankweng/,"Books & Stationery in Mankweng, Polokwane",1,van-schaik-bookstore-turfloop-plaza-mankweng,Van Schaik Bookstore Turfloop Plaza
https://polokwanehub.com/category/books-stationery/polokwane-central/,"Books & Stationery in Polokwane Central, Polokwane",1,khutso-bookshop-polokwane-central,Khutso Bookshop
https://polokwanehub.com/category/books-stationery/thornhill-estate/,"Books & Stationery in Thornhill Estate, Polokwane",1,bidvest-waltons-thornhill-estate,Bidvest Waltons
https://polokwanehub.com/category/borehole-water-services/ladanna/,"Borehole & Water Services in Ladanna, Polokwane",1,bona-manzi-water-drilling-ladanna,Bona Manzi Water Drilling
https://polokwanehub.com/category/borehole-water-services/magna-via/,"Borehole & Water Services in Magna Via Industrial, Polokwane",1,vertex-boreholes-bendor,Vertex Boreholes
https://polokwanehub.com/category/building-construction/bendor/,"Building & Construction in Bendor, Polokwane",1,bendor-builders-bendor,Bendor Builders
https://polokwanehub.com/category/building-construction/dalmada/,"Building & Construction in Dalmada, Polokwane",1,vonyani-group-of-companies-dalmada,Vonyani Group of Companies
https://polokwanehub.com/category/building-construction/fauna-park/,"Building & Construction in Fauna Park, Polokwane",1,betsekgadi-community-projects-cc-fauna-park,Betsekgadi Community Projects CC
https://polokwanehub.com/category/building-construction/flora-park/,"Building & Construction in Flora Park, Polokwane",1,roof-doctor-flora-park,Roof Doctor
https://polokwanehub.com/category/building-construction/futura/,"Building & Construction in Futura, Polokwane",1,crd-glass-aluminium-futura,CRD Glass & Aluminium
https://polokwanehub.com/category/building-construction/hospark/,"Building & Construction in Hospital Park, Polokwane",1,monate-construction-hospark,Monate Construction
https://polokwanehub.com/category/building-construction/seshego-zone-1/,"Building & Construction in Seshego Zone 1, Polokwane",1,mathara-investments-seshego-zone-1,Mathara Investments
https://polokwanehub.com/category/building-construction/sterpark/,"Building & Construction in Sterpark, Polokwane",1,a1-construction-sterpark,A1 Construction
https://polokwanehub.com/category/building-materials-timber-merchants/annadale/,"Building Materials & Timber Merchants in Annadale, Polokwane",1,alpha-sand-stone-annadale,Alpha Sand & Stone
https://polokwanehub.com/category/building-materials-timber-merchants/dalmada/,"Building Materials & Timber Merchants in Dalmada, Polokwane",1,rocotta-brick-centre-dalmada,Rocotta Brick Centre
https://polokwanehub.com/category/building-materials-timber-merchants/futura/,"Building Materials & Timber Merchants in Futura, Polokwane",1,concor-technicrete-futura,Concor Technicrete Polokwane
https://polokwanehub.com/category/building-materials-timber-merchants/lebowakgomo/,"Building Materials & Timber Merchants in Lebowakgomo, Polokwane",1,supa-roof-lebowakgomo,Supa-Roof Lebowakgomo
https://polokwanehub.com/category/building-materials-timber-merchants/seshego/,"Building Materials & Timber Merchants in Seshego, Polokwane",1,topt-seshego,TopT
https://polokwanehub.com/category/business-consulting/seshego/,"Business & Management Consulting in Seshego, Polokwane",1,leda-seshego-training-centre-seshego,LEDA Seshego Training Centre
https://polokwanehub.com/category/butcheries/annadale/,"Butcheries in Annadale, Polokwane",1,kalahari-slaghuis-annadale,Kalahari Slaghuis
https://polokwanehub.com/category/butcheries/dalmada/,"Butcheries in Dalmada, Polokwane",1,r-and-g-meat-supplier-dalmada,R and G Meat Supplier
https://polokwanehub.com/category/butcheries/flora-park/,"Butcheries in Flora Park, Polokwane",1,vleislapa-marshall-street-flora-park,Vleislapa Marshall Street
https://polokwanehub.com/category/butcheries/ladanna/,"Butcheries in Ladanna, Polokwane",1,firefly-foods-ladanna,Firefly Foods
https://polokwanehub.com/category/butcheries/lebowakgomo/,"Butcheries in Lebowakgomo, Polokwane",1,roots-butchery-mall-lebo-lebowakgomo,Roots Butchery Mall@Lebo
https://polokwanehub.com/category/butcheries/nirvana/,"Butcheries in Nirvana, Polokwane",1,nirvana-meat-market-nirvana,Nirvana Meat Market
https://polokwanehub.com/category/butcheries/seshego/,"Butcheries in Seshego, Polokwane",1,km-mothupi-butchery-chisanyama-seshego,K.M. Mothupi Butchery Chisanyama
https://polokwanehub.com/category/butcheries/thornhill-estate/,"Butcheries in Thornhill Estate, Polokwane",1,vivo-vleismark-thornhill-estate,Vivo Vleismark (Thornhill)
https://polokwanehub.com/category/butcheries/welgelegen/,"Butcheries in Welgelegen, Polokwane",1,the-steakshop-welgelegen,The Steakshop
https://polokwanehub.com/category/car-dealerships/sterpark/,"Car Dealerships in Sterpark, Polokwane",1,online-sa-park-sell-sterpark,Online SA Park & Sell
https://polokwanehub.com/category/car-dealerships/superbia/,"Car Dealerships in Superbia, Polokwane",1,motus-select-nelson-mandela-drive-superbia,Motus Select Nelson Mandela Drive
https://polokwanehub.com/category/car-wash-detailing/annadale/,"Car Wash & Detailing in Annadale, Polokwane",1,shanana-valet-and-upholstery-annadale,Shanana Valet and Upholstery
https://polokwanehub.com/category/car-wash-detailing/bendor/,"Car Wash & Detailing in Bendor, Polokwane",1,auto-supreme-bendor,Auto Supreme
https://polokwanehub.com/category/car-wash-detailing/fauna-park/,"Car Wash & Detailing in Fauna Park, Polokwane",1,cream-car-wash-polokwane-fauna-park,CREAM Car Wash Polokwane
https://polokwanehub.com/category/catering/penina-park/,"Catering in Penina Park, Polokwane",1,the-biggest-grill-penina-park,The Biggest Grill
https://polokwanehub.com/category/churches-religious-organisations/dalmada/,"Churches & Religious Organisations in Dalmada, Polokwane",1,abundance-city-church-dalmada,Abundance City Church
https://polokwanehub.com/category/churches-religious-organisations/eduan-park/,"Churches & Religious Organisations in Eduan Park, Polokwane",1,new-apostolic-church-eduan-park,New Apostolic Church
https://polokwanehub.com/category/churches-religious-organisations/flora-park/,"Churches & Religious Organisations in Flora Park, Polokwane",1,christ-baptist-church-flora-park,Christ Baptist Church
https://polokwanehub.com/category/churches-religious-organisations/moregloed/,"Churches & Religious Organisations in Moregloed, Polokwane",1,peoples-church-moregloed,Peoples Church
https://polokwanehub.com/category/churches-religious-organisations/nirvana/,"Churches & Religious Organisations in Nirvana, Polokwane",1,masjid-ul-firdaus-nirvana,Masjid-ul-Firdaus
https://polokwanehub.com/category/cleaning-services/moregloed/,"Cleaning Services in Moregloed, Polokwane",1,js-cleaning-moregloed,J's Cleaning
https://polokwanehub.com/category/cleaning-services/polokwane-central/,"Cleaning Services in Polokwane Central, Polokwane",1,greywies-nu-clean-dry-cleaners-polokwane-central,Greywies Nu-Clean Dry Cleaners
https://polokwanehub.com/category/cleaning-services/thornhill-estate/,"Cleaning Services in Thornhill Estate, Polokwane",1,laundry-dynamics-thornhill-thornhill-estate,Laundry Dynamics Thornhill
https://polokwanehub.com/category/clinics-healthcare/annadale/,"Clinics & Healthcare in Annadale, Polokwane",1,modiri-health-polokwane-annadale,Modiri Health Polokwane
https://polokwanehub.com/category/clinics-healthcare/flora-park/,"Clinics & Healthcare in Flora Park, Polokwane",1,floramed-medical-centre-flora-park,Floramed Mediese Sentrum
https://polokwanehub.com/category/clinics-healthcare/ladanna/,"Clinics & Healthcare in Ladanna, Polokwane",1,ladanna-med-ladanna,Ladanna Med
https://polokwanehub.com/category/clinics-healthcare/penina-park/,"Clinics & Healthcare in Penina Park, Polokwane",1,apd-limpopo-centenary-house-penina-park,APD Limpopo - Centenary House
https://polokwanehub.com/category/clinics-healthcare/sterpark/,"Clinics & Healthcare in Sterpark, Polokwane",1,colon-health-polokwane-sterpark,Colon Health Polokwane
https://polokwanehub.com/category/commercial-property-office-space/dalmada/,"Commercial Property & Office Space in Dalmada, Polokwane",1,dalmada-storage-dalmada,Dalmada Storage
https://polokwanehub.com/category/computer-it-services/annadale/,"Computer & IT Services in Annadale, Polokwane",1,bosveld-communications-annadale,Bosveld Communications
https://polokwanehub.com/category/computer-it-services/bendor/,"Computer & IT Services in Bendor, Polokwane",1,it-experts-bendor,IT Experts
https://polokwanehub.com/category/computer-it-services/eduan-park/,"Computer & IT Services in Eduan Park, Polokwane",1,sentech-eduan-park,Sentech
https://polokwanehub.com/category/computer-it-services/ext91-industrial/,"Computer & IT Services in Polokwane Ext 91 Industrial, Polokwane",1,ricoh-bcm-didgisol-ext91-industrial,Ricoh (BCM Didgisol)
https://polokwanehub.com/category/computer-it-services/nirvana/,"Computer & IT Services in Nirvana, Polokwane",1,lafixa-it-solutions-nirvana,Lafixa IT Solutions
https://polokwanehub.com/category/computer-it-services/seshego-zone-1/,"Computer & IT Services in Seshego Zone 1, Polokwane",1,evp-internet-cafe-seshego-zone-1,EVP Internet Cafe
https://polokwanehub.com/category/construction-claims-management/bendor/,"Construction Claims Management in Bendor, Polokwane",1,rdp-solutions-bendor,RDP Solutions
https://polokwanehub.com/category/convenience-stores/eduan-park/,"Convenience Stores in Eduan Park, Polokwane",1,eduan-park-cafe-bakery-eduan-park,Eduan Park Cafe & Bakery
https://polokwanehub.com/category/dentists/fauna-park/,"Dentists in Fauna Park, Polokwane",1,erasmus-dental-fauna-park,Erasmus Dental
https://polokwanehub.com/category/dentists/flora-park/,"Dentists in Flora Park, Polokwane",1,modern-practitioners-dental-care-flora-park,Modern Practitioners Dental Care
https://polokwanehub.com/category/dentists/hospark/,"Dentists in Hospital Park, Polokwane",1,dr-ml-tjelele-hospark,Dr ML Tjelele
https://polokwanehub.com/category/dentists/ivy-park/,"Dentists in Ivy Park, Polokwane",1,polokwane-north-dental-clinic-ivy-park,Polokwane North Dental Clinic
https://polokwanehub.com/category/dentists/lebowakgomo/,"Dentists in Lebowakgomo, Polokwane",1,mnc-dental-clinic-lebowakgomo,MNC Dental Clinic
https://polokwanehub.com/category/dentists/seshego/,"Dentists in Seshego, Polokwane",1,dr-kgadi-mailula-dental-surgery-seshego,Dr Kgadi Mailula Dental Surgery
https://polokwanehub.com/category/dentists/sterpark/,"Dentists in Sterpark, Polokwane",1,dr-gustav-erlank-dentistry-sterpark,Dr Gustav Erlank Dentistry
https://polokwanehub.com/category/doctors-gps/annadale/,"Doctors & GPs in Annadale, Polokwane",1,dr-vh-meintjes-annadale,Dr VH Meintjes
https://polokwanehub.com/category/doctors-gps/bendor-park/,"Doctors & GPs in Bendor Park, Polokwane",1,dr-mm-chokoe-bendor-park,Dr MM Chokoe
https://polokwanehub.com/category/doctors-gps/bendor/,"Doctors & GPs in Bendor, Polokwane",1,dr-gj-van-rooyen-bendor,Dr GJ van Rooyen
https://polokwanehub.com/category/doctors-gps/ivy-park/,"Doctors & GPs in Ivy Park, Polokwane",1,ivy-med-24-ivy-park,Ivy Med 24
https://polokwanehub.com/category/doctors-gps/seshego-zone-1/,"Doctors & GPs in Seshego Zone 1, Polokwane",1,dr-t-g-mulaudzi-seshego-zone-1,Dr T.G. Mulaudzi
https://polokwanehub.com/category/doctors-gps/sterpark/,"Doctors & GPs in Sterpark, Polokwane",1,doctors-24-sterpark,Doctors 24
https://polokwanehub.com/category/driving-schools/bendor/,"Driving Schools in Bendor, Polokwane",1,modula-s-driving-school-bendor,Modula S Driving School
https://polokwanehub.com/category/driving-schools/ladanna/,"Driving Schools in Ladanna, Polokwane",1,benny-driver-training-ladanna,Benny Driver Training
https://polokwanehub.com/category/driving-schools/mankweng/,"Driving Schools in Mankweng, Polokwane",1,lekoana-driving-institute-mankweng,Lekoana Driving Institute
https://polokwanehub.com/category/electricians/flora-park/,"Electricians in Flora Park, Polokwane",1,electric-eel-contractors-cc-flora-park,Electric Eel Contractors CC
https://polokwanehub.com/category/electricians/polokwane-central/,"Electricians in Polokwane Central, Polokwane",1,jr-electrical-polokwane-central,JR Electrical
https://polokwanehub.com/category/electricians/superbia/,"Electricians in Superbia, Polokwane",1,gateway-electrical-cc-superbia,Gateway Electrical CC
https://polokwanehub.com/category/electricians/welgelegen/,"Electricians in Welgelegen, Polokwane",1,s2-electrical-welgelegen,S2 Electrical
https://polokwanehub.com/category/electronics-appliances/fauna-park/,"Electronics & Appliances in Fauna Park, Polokwane",1,samsung-service-centre-fauna-park,Samsung Service Centre
https://polokwanehub.com/category/electronics-appliances/superbia/,"Electronics & Appliances in Superbia, Polokwane",1,defy-sales-office-limpopo-superbia,Defy Sales Office Limpopo
https://polokwanehub.com/category/electronics-appliances/thornhill-estate/,"Electronics & Appliances in Thornhill Estate, Polokwane",1,zebbies-lighting-polokwane-thornhill-estate,Zebbies Lighting Polokwane
https://polokwanehub.com/category/engineering-surveying/eduan-park/,"Engineering & Surveying Services in Eduan Park, Polokwane",1,dux-consulting-engineers-eduan-park,Dux Consulting Engineers
https://polokwanehub.com/category/engineering-surveying/futura/,"Engineering & Surveying Services in Futura, Polokwane",1,belta-services-futura,Belta Services
https://polokwanehub.com/category/engineering-surveying/penina-park/,"Engineering & Surveying Services in Penina Park, Polokwane",1,morwa-motsho-consulting-engineering-penina-park,Morwa-Motsho Consulting Engineering
https://polokwanehub.com/category/engineering-surveying/polokwane-central/,"Engineering & Surveying Services in Polokwane Central, Polokwane",1,evn-africa-polokwane-central,EVN Africa
https://polokwanehub.com/category/estate-agents/eduan-park/,"Estate Agents in Eduan Park, Polokwane",1,century-21-polokwane-eduan-park,Century 21 Polokwane
https://polokwanehub.com/category/estate-agents/flora-park/,"Estate Agents in Flora Park, Polokwane",1,noordelike-eiendomme-flora-park,Noordelike Eiendomme
https://polokwanehub.com/category/estate-agents/hospark/,"Estate Agents in Hospital Park, Polokwane",1,modhope-properties-hospark,Modhope Properties
https://polokwanehub.com/category/estate-agents/polokwane-central/,"Estate Agents in Polokwane Central, Polokwane",1,era-real-estate-polokwane-central,ERA Real Estate Polokwane
https://polokwanehub.com/category/estate-agents/thornhill-estate/,"Estate Agents in Thornhill Estate, Polokwane",1,tysocon-properties-thornhill-estate,Tysocon Properties
https://polokwanehub.com/category/estate-agents/welgelegen/,"Estate Agents in Welgelegen, Polokwane",1,realnet-polokwane-welgelegen,RealNet Polokwane
https://polokwanehub.com/category/events-function-venues/bendor/,"Events & Function Venues in Bendor, Polokwane",1,ster-kinekor-bendor,Ster-Kinekor Mall of the North
https://polokwanehub.com/category/events-function-venues/dalmada/,"Events & Function Venues in Dalmada, Polokwane",1,splash-jump-zone-polokwane-dalmada,Splash & Jump Zone Polokwane
https://polokwanehub.com/category/events-function-venues/ivy-park/,"Events & Function Venues in Ivy Park, Polokwane",1,meropa-casino-entertainment-world-ivy-park,Meropa Casino & Entertainment World
https://polokwanehub.com/category/events-function-venues/polokwane-central/,"Events & Function Venues in Polokwane Central, Polokwane",1,africa-tents-polokwane-polokwane-central,Africa Tents Polokwane
https://polokwanehub.com/category/fashion-clothing/superbia/,"Fashion & Clothing in Superbia, Polokwane",1,handy-garments-polokwane-superbia,Handy Garments Polokwane
https://polokwanehub.com/category/fencing-security-installations/ladine/,"Fencing & Security Installations in Ladine, Polokwane",1,bhlj-steel-services-ladine,BHL&J Steel Services
https://polokwanehub.com/category/fencing-security-installations/nirvana/,"Fencing & Security Installations in Nirvana, Polokwane",1,stafix-electric-fence-security-nirvana,STAFIX Electric Fence & Security
https://polokwanehub.com/category/financial-investment-services/fauna-park/,"Financial & Investment Services in Fauna Park, Polokwane",1,standard-bank-fauna-park-service-centre-fauna-park,Standard Bank Fauna Park Service Centre
https://polokwanehub.com/category/financial-investment-services/flora-park/,"Financial & Investment Services in Flora Park, Polokwane",1,sperrylite-bluestar-authorized-by-sanlam-flora-park,Sperrylite Bluestar authorized by Sanlam
https://polokwanehub.com/category/financial-investment-services/lebowakgomo/,"Financial & Investment Services in Lebowakgomo, Polokwane",1,old-mutual-mall-lebo-lebowakgomo,Old Mutual – Mall@Lebo
https://polokwanehub.com/category/financial-investment-services/polokwane-central/,"Financial & Investment Services in Polokwane Central, Polokwane",1,metropolitan-market-street-polokwane-central,Metropolitan Polokwane (Market Street)
https://polokwanehub.com/category/fitness-gyms/bendor-park/,"Fitness & Gyms in Bendor Park, Polokwane",1,body-life-bendor-bendor-park,Body Life Bendor
https://polokwanehub.com/category/fitness-gyms/bendor/,"Fitness & Gyms in Bendor, Polokwane",1,body-life-activity-zone-bendor,Body Life Activity Zone
https://polokwanehub.com/category/fitness-gyms/flora-park/,"Fitness & Gyms in Flora Park, Polokwane",1,body-life-flora-park,Body Life
https://polokwanehub.com/category/fitness-gyms/moregloed/,"Fitness & Gyms in Moregloed, Polokwane",1,body-base-studio-moregloed,Body Base Studio
https://polokwanehub.com/category/fitness-gyms/seshego/,"Fitness & Gyms in Seshego, Polokwane",1,gym4u-seshego-plaza-seshego,Gym4U
https://polokwanehub.com/category/fitness-gyms/thornhill-estate/,"Fitness & Gyms in Thornhill Estate, Polokwane",1,virgin-active-thornhill-thornhill-estate,Virgin Active Thornhill
https://polokwanehub.com/category/fitness-gyms/welgelegen/,"Fitness & Gyms in Welgelegen, Polokwane",1,crossfit-firebox-welgelegen,CrossFit Firebox
https://polokwanehub.com/category/florists/bendor/,"Florists in Bendor, Polokwane",1,floral-avenue-bendor,Floral Avenue
https://polokwanehub.com/category/florists/westenburg/,"Florists in Westenburg, Polokwane",1,getrz-flowers-decor-westenburg,Getrz Flowers & Decor
https://polokwanehub.com/category/fuel-stations/annadale/,"Fuel Stations & Garages in Annadale, Polokwane",1,engen-wins-motors-annadale,Engen Wins Motors
https://polokwanehub.com/category/fuel-stations/ivy-park/,"Fuel Stations & Garages in Ivy Park, Polokwane",1,freshstop-caltex-ivypark-ivy-park,FreshStop at Caltex Ivypark
https://polokwanehub.com/category/fuel-stations/ladanna/,"Fuel Stations & Garages in Ladanna, Polokwane",1,total-janpret-trekkers-ladanna,Total Janpret Trekkers
https://polokwanehub.com/category/fuel-stations/lebowakgomo/,"Fuel Stations & Garages in Lebowakgomo, Polokwane",1,engen-everon-filling-station-lebowakgomo,Engen Everon Filling Station
https://polokwanehub.com/category/fuel-stations/mankweng/,"Fuel Stations & Garages in Mankweng, Polokwane",1,sasol-turfloop-mankweng,Sasol Turfloop
https://polokwanehub.com/category/fuel-stations/moregloed/,"Fuel Stations & Garages in Moregloed, Polokwane",1,shell-sediba-service-station-moregloed,Shell Sediba Service Station
https://polokwanehub.com/category/fuel-stations/nirvana/,"Fuel Stations & Garages in Nirvana, Polokwane",1,engen-nirvana-filling-station-nirvana,Engen Nirvana Filling Station
https://polokwanehub.com/category/fuel-stations/penina-park/,"Fuel Stations & Garages in Penina Park, Polokwane",1,sasol-penina-park-penina-park,Sasol Penina Park
https://polokwanehub.com/category/fuel-stations/polokwane-central/,"Fuel Stations & Garages in Polokwane Central, Polokwane",1,shell-millenium-motors-polokwane-central,Shell Millenium Motors
https://polokwanehub.com/category/fuel-stations/seshego/,"Fuel Stations & Garages in Seshego, Polokwane",1,engen-tele-service-station-seshego,Engen Tele Service Station
https://polokwanehub.com/category/funeral-services/seshego/,"Funeral Services in Seshego, Polokwane",1,lebowa-funeral-parlour-seshego-seshego,Lebowa Funeral Parlour Seshego
https://polokwanehub.com/category/furniture-homeware/ladanna/,"Furniture & Homeware in Ladanna, Polokwane",1,yellow-lemon-tree-ladanna,Yellow Lemon Tree
https://polokwanehub.com/category/furniture-homeware/thornhill-estate/,"Furniture & Homeware in Thornhill Estate, Polokwane",1,furniture-mart-baobab-thornhill-estate,Furniture Mart Baobab
https://polokwanehub.com/category/general-retail/annadale/,"General Retail in Annadale, Polokwane",1,rix-pawnshop-cc-annadale,Rix Pawnshop cc
https://polokwanehub.com/category/general-retail/eduan-park/,"General Retail in Eduan Park, Polokwane",1,smack-that-vape-shop-eduan-park,Smack That - Vape Shop
https://polokwanehub.com/category/general-retail/magna-via/,"General Retail in Magna Via Industrial, Polokwane",1,makro-polokwane-magna-via,Makro Polokwane
https://polokwanehub.com/category/general-retail/moregloed/,"General Retail in Moregloed, Polokwane",1,trappers-trading-co-moregloed,Trappers Trading Co
https://polokwanehub.com/category/general-retail/welgelegen/,"General Retail in Welgelegen, Polokwane",1,the-pool-team-polokwane-welgelegen,The Pool Team Polokwane
https://polokwanehub.com/category/government-municipal-services/hospark/,"Government Offices & Municipal Services in Hospital Park, Polokwane",1,limpopo-department-of-health-hospark,Limpopo Department of Health
https://polokwanehub.com/category/government-municipal-services/ladanna/,"Government Offices & Municipal Services in Ladanna, Polokwane",1,leda-platinum-office-ladanna,LEDA Platinum Office
https://polokwanehub.com/category/hardware-stores/annadale/,"Hardware Stores in Annadale, Polokwane",1,ladannah-hardware-annadale,Ladannah Hardware
https://polokwanehub.com/category/hardware-stores/ladanna/,"Hardware Stores in Ladanna, Polokwane",1,ladannah-hardware-ladanna,Ladannah Hardware
https://polokwanehub.com/category/hotels/fauna-park/,"Hotels in Fauna Park, Polokwane",1,ruby-stone-boutique-hotel-fauna-park,Ruby Stone Boutique Hotel
https://polokwanehub.com/category/hotels/flora-park/,"Hotels in Flora Park, Polokwane",1,vuwa-lodge-flora-park,Vuwa Lodge
https://polokwanehub.com/category/hotels/ivy-park/,"Hotels in Ivy Park, Polokwane",1,pietersburg-lodge-ivy-park,Pietersburg Lodge
https://polokwanehub.com/category/hotels/seshego-zone-4/,"Hotels in Seshego Zone 4, Polokwane",1,zone-4-motel-and-spa-seshego-zone-4,Zone 4 Motel and Spa
https://polokwanehub.com/category/industrial-suppliers-manufacturing/bendor/,"Industrial Suppliers & Manufacturing in Bendor, Polokwane",1,vertex-industries-bendor,Vertex Industries
https://polokwanehub.com/category/industrial-suppliers-manufacturing/dalmada/,"Industrial Suppliers & Manufacturing in Dalmada, Polokwane",1,limpopo-corobrik-factory-dalmada,Limpopo Corobrik Factory
https://polokwanehub.com/category/industrial-suppliers-manufacturing/polokwane-central/,"Industrial Suppliers & Manufacturing in Polokwane Central, Polokwane",1,excelens-optical-lab-polokwane-central,Excelens Optical lab
https://polokwanehub.com/category/insurance/dalmada/,"Insurance in Dalmada, Polokwane",1,lambrechts-van-dyk-bk-dalmada,Lambrechts & Van Dyk Bk
https://polokwanehub.com/category/insurance/hospark/,"Insurance in Hospital Park, Polokwane",1,emb-makelaars-ta-marianne-makelaars-hospark,EMB Makelaars t/a Marianne Makelaars
https://polokwanehub.com/category/jewellers/polokwane-central/,"Jewellers in Polokwane Central, Polokwane",1,bde-gold-coins-and-diamond-exchange-polokwane-central,BDE Gold Coins And Diamond Exchange
https://polokwanehub.com/category/liquor-stores/fauna-park/,"Liquor Stores in Fauna Park, Polokwane",1,pick-n-pay-liquor-savannah-mall-fauna-park,Pick 'n Pay Liquor
https://polokwanehub.com/category/liquor-stores/ladanna/,"Liquor Stores in Ladanna, Polokwane",1,rite-price-liquor-store-ladanna,Rite Price Liquor Store
https://polokwanehub.com/category/liquor-stores/mankweng/,"Liquor Stores in Mankweng, Polokwane",1,tops-at-spar-paledi-mankweng,TOPS at SPAR Paledi
https://polokwanehub.com/category/liquor-stores/thornhill-estate/,"Liquor Stores in Thornhill Estate, Polokwane",1,tops-at-spar-thornhill-thornhill-estate,Tops at Spar Thornhill
https://polokwanehub.com/category/locksmiths/ladanna/,"Locksmiths in Ladanna, Polokwane",1,numberplate-and-key-centre-ladanna,Numberplate and Key Centre
https://polokwanehub.com/category/locksmiths/polokwane-central/,"Locksmiths in Polokwane Central, Polokwane",1,key-sound-centre-moregloed,Key & Sound Centre
https://polokwanehub.com/category/logistics-courier-transport/bendor-park/,"Logistics, Courier & Transport in Bendor Park, Polokwane",1,post-office-cycad-bendor-park,Post Office Cycad
https://polokwanehub.com/category/logistics-courier-transport/eduan-park/,"Logistics, Courier & Transport in Eduan Park, Polokwane",1,biddulphs-international-eduan-park,Biddulphs International
https://polokwanehub.com/category/logistics-courier-transport/fauna-park/,"Logistics, Courier & Transport in Fauna Park, Polokwane",1,faunapark-post-office-fauna-park,Faunapark Post Office
https://polokwanehub.com/category/logistics-courier-transport/futura/,"Logistics, Courier & Transport in Futura, Polokwane",1,fastway-couriers-futura,Fastway Couriers Polokwane
https://polokwanehub.com/category/logistics-courier-transport/ivy-park/,"Logistics, Courier & Transport in Ivy Park, Polokwane",1,postnet-ivy-park-ivy-park,PostNet Ivy Park
https://polokwanehub.com/category/logistics-courier-transport/ladanna/,"Logistics, Courier & Transport in Ladanna, Polokwane",1,ladanna-post-office-ladanna,Ladanna Post Office
https://polokwanehub.com/category/logistics-courier-transport/lebowakgomo/,"Logistics, Courier & Transport in Lebowakgomo, Polokwane",1,lebowakgomo-post-office-lebowakgomo,Lebowakgomo Post Office
https://polokwanehub.com/category/logistics-courier-transport/mankweng/,"Logistics, Courier & Transport in Mankweng, Polokwane",1,postnet-paledi-mall-mankweng,PostNet Paledi Mall
https://polokwanehub.com/category/logistics-courier-transport/serala-view/,"Logistics, Courier & Transport in Serala View, Polokwane",1,kwena-transportation-services-serala-view,Kwena Transportation Services
https://polokwanehub.com/category/logistics-courier-transport/seshego/,"Logistics, Courier & Transport in Seshego, Polokwane",1,seshego-post-office-seshego,Seshego Post Office
https://polokwanehub.com/category/logistics-courier-transport/superbia/,"Logistics, Courier & Transport in Superbia, Polokwane",1,speed-services-couriers-superbia,Speed Services Couriers
https://polokwanehub.com/category/logistics-courier-transport/thornhill-estate/,"Logistics, Courier & Transport in Thornhill Estate, Polokwane",1,the-courier-guy-thornhill-thornhill-estate,The Courier Guy (Thornhill)
https://polokwanehub.com/category/marketing-advertising/capricorn/,"Marketing & Advertising in Capricorn, Polokwane",1,boles-productions-communications-and-marketing-capricorn,"Bo'Les Productions, Communications & Marketing"
https://polokwanehub.com/category/mobile-phones/bendor-park/,"Mobile Phones & Accessories in Bendor Park, Polokwane",1,alisom-cycad-centre-bendor-park,AliSom Cycad Centre
https://polokwanehub.com/category/motor-spares/annadale/,"Motor Spares in Annadale, Polokwane",1,autozone-annadale,AutoZone Annadale
https://polokwanehub.com/category/motor-spares/lebowakgomo/,"Motor Spares in Lebowakgomo, Polokwane",1,autozone-lebowakgomo,AutoZone Lebowakgomo
https://polokwanehub.com/category/motor-spares/polokwane-central/,"Motor Spares in Polokwane Central, Polokwane",1,midas-landdros-mare-polokwane-central,Midas (Landdros Mare)
https://polokwanehub.com/category/motor-spares/seshego/,"Motor Spares in Seshego, Polokwane",1,autozone-seshego-circle-seshego,AutoZone Seshego
https://polokwanehub.com/category/motor-spares/thornhill-estate/,"Motor Spares in Thornhill Estate, Polokwane",1,battery-centre-thornhill-thornhill-estate,Battery Centre Thornhill
https://polokwanehub.com/category/museums-heritage-sites/chuenespoort/,"Museums & Heritage Sites in Chuenespoort Road, Polokwane",1,bakone-malapa-open-air-museum-chuenespoort,Bakone Malapa Northern Sotho Open-Air Museum
https://polokwanehub.com/category/nurseries-garden-centres/dalmada/,"Nurseries & Garden Centres in Dalmada, Polokwane",1,dalmada-kwekery-dalmada,Dalmada Kwekery
https://polokwanehub.com/category/opticians/fauna-park/,"Opticians in Fauna Park, Polokwane",1,specsavers-savannah-mall-fauna-park,Specsavers Savannah Mall
https://polokwanehub.com/category/opticians/ladanna/,"Opticians in Ladanna, Polokwane",1,mafokoane-al-optometrist-ladanna,Mafokoane AL Optometrist
https://polokwanehub.com/category/opticians/lebowakgomo/,"Opticians in Lebowakgomo, Polokwane",1,serumula-optometrists-lebowakgomo,Serumula Optometrists
https://polokwanehub.com/category/opticians/seshego/,"Opticians in Seshego, Polokwane",1,ntsoane-optometrist-seshego,Ntsoane Optometrist
https://polokwanehub.com/category/painters-decorators/polokwane-central/,"Painters & Decorators in Polokwane Central, Polokwane",1,meason-construction-maintenance-polokwane-central,Meason Construction & Maintenance
https://polokwanehub.com/category/painters-decorators/roodepoort-polokwane/,"Painters & Decorators in Roodepoort, Polokwane",1,madithapa-sandblasting-painting-roodepoort-polokwane,Madithapa Sandblasting & Painting
https://polokwanehub.com/category/panel-beaters-spray-painters/polokwane-central/,"Panel Beaters & Spray Painters in Polokwane Central, Polokwane",1,dentcare-paintless-dent-removal-polokwane-central,Dentcare Paintless Dent Removal
https://polokwanehub.com/category/party-event-hire/futura/,"Party & Event Hire in Futura, Polokwane",1,all-seasons-function-hire-futura,All Seasons Function Hire
https://polokwanehub.com/category/party-event-hire/polokwane-central/,"Party & Event Hire in Polokwane Central, Polokwane",1,moseki-function-hire-catering-polokwane-central,Moseki Function Hire & Catering
https://polokwanehub.com/category/pest-control/bendor-park/,"Pest Control in Bendor Park, Polokwane",1,sidze-pest-management-bendor-park,Sidze Pest Management
https://polokwanehub.com/category/pest-control/flora-park/,"Pest Control in Flora Park, Polokwane",1,pest-control-hygiene-and-cleaning-flora-park,Pest Control Hygiene and Cleaning
https://polokwanehub.com/category/pest-control/seshego/,"Pest Control in Seshego, Polokwane",1,tloutlou-cleaning-pest-control-seshego,TlouTlou Cleaning & Pest Control
https://polokwanehub.com/category/pet-stores/bendor/,"Pet Stores & Supplies in Bendor, Polokwane",1,queen-pets-bendor,Queen Pets
https://polokwanehub.com/category/pet-stores/dalmada/,"Pet Stores & Supplies in Dalmada, Polokwane",1,mini-pet-land-dalmada,Mini Pet Land
https://polokwanehub.com/category/pet-stores/thornhill-estate/,"Pet Stores & Supplies in Thornhill Estate, Polokwane",1,the-queen-pet-shop-thornhill-estate,The Queen Pet Shop (Thornhill)
https://polokwanehub.com/category/pharmacies/annadale/,"Pharmacies in Annadale, Polokwane",1,rlh-pharmacy-annadale,RLH Pharmacy
https://polokwanehub.com/category/pharmacies/flora-park/,"Pharmacies in Flora Park, Polokwane",1,florapark-centre-pharmacy-flora-park,Florapark Centre Pharmacy
https://polokwanehub.com/category/pharmacies/ivy-park/,"Pharmacies in Ivy Park, Polokwane",1,iv-med-pharmacy-ivy-park,IV-Med Pharmacy
https://polokwanehub.com/category/pharmacies/ladanna/,"Pharmacies in Ladanna, Polokwane",1,ladanna-pharmacy-ladanna,Ladanna Pharmacy
https://polokwanehub.com/category/pharmacies/nirvana/,"Pharmacies in Nirvana, Polokwane",1,nirvana-pharmacy-nirvana,Nirvana Pharmacy
https://polokwanehub.com/category/pharmacies/seshego-zone-1/,"Pharmacies in Seshego Zone 1, Polokwane",1,pharmacy-plus-seshego-zone-1,Pharmacy Plus Seshego
https://polokwanehub.com/category/pharmacies/sterpark/,"Pharmacies in Sterpark, Polokwane",1,iynesab-pharmacy-sterpark,Iynesab Pharmacy
https://polokwanehub.com/category/pharmacies/thornhill-estate/,"Pharmacies in Thornhill Estate, Polokwane",1,clicks-thornhill-thornhill-estate,Clicks Thornhill
https://polokwanehub.com/category/pharmacies/westenburg/,"Pharmacies in Westenburg, Polokwane",1,letebele-westenburg-pharmacy-westenburg,Letebele Westenburg Pharmacy
https://polokwanehub.com/category/plumbers/bendor/,"Plumbers in Bendor, Polokwane",1,exilamanzi-bendor,Exilamanzi
https://polokwanehub.com/category/plumbers/flora-park/,"Plumbers in Flora Park, Polokwane",1,pro-plumb-flora-park,Pro Plumb
https://polokwanehub.com/category/plumbers/moregloed/,"Plumbers in Moregloed, Polokwane",1,strydom-plumbers-polokwane-moregloed,Strydom Plumbers Polokwane
https://polokwanehub.com/category/printing-services/annadale/,"Printing Services in Annadale, Polokwane",1,inkmart-copiers-annadale,Inkmart Copiers
https://polokwanehub.com/category/printing-services/moregloed/,"Printing Services in Moregloed, Polokwane",1,inkrite-moregloed,Inkrite
https://polokwanehub.com/category/printing-services/thornhill-estate/,"Printing Services in Thornhill Estate, Polokwane",1,3-1-thornhill-thornhill-estate,3@1 Thornhill
https://polokwanehub.com/category/recruitment-hr-services/polokwane-central/,"Recruitment & HR Services in Polokwane Central, Polokwane",1,workforce-staffing-polokwane-central,Workforce Staffing
https://polokwanehub.com/category/restaurants-takeaways/flora-park/,"Restaurants & Takeaways in Flora Park, Polokwane",1,scampis-take-aways-flora-park,Scampi's Take Aways
https://polokwanehub.com/category/restaurants-takeaways/ladanna/,"Restaurants & Takeaways in Ladanna, Polokwane",1,pizzalitos-ladanna,Pizzalitos Ladanna
https://polokwanehub.com/category/restaurants-takeaways/moregloed/,"Restaurants & Takeaways in Moregloed, Polokwane",1,masana-cafe-moregloed,Masana Cafe
https://polokwanehub.com/category/restaurants-takeaways/seshego-zone-1/,"Restaurants & Takeaways in Seshego Zone 1, Polokwane",1,xclusive-spot-seshego-zone-1,Xclusive Spot
https://polokwanehub.com/category/restaurants-takeaways/sterpark/,"Restaurants & Takeaways in Sterpark, Polokwane",1,uhuru-cafe-wine-emporium-sterpark,Uhuru Cafe & Wine Emporium
https://polokwanehub.com/category/roofing-contractors/dalmada/,"Roofing Contractors in Dalmada, Polokwane",1,vonyani-group-of-companies-dalmada,Vonyani Group of Companies
https://polokwanehub.com/category/roofing-contractors/fauna-park/,"Roofing Contractors in Fauna Park, Polokwane",1,roof-king-waterproofing-specialists-fauna-park,Roof King Waterproofing Specialists
https://polokwanehub.com/category/roofing-contractors/magna-via/,"Roofing Contractors in Magna Via Industrial, Polokwane",1,martek-roofing-magna-via,MarTek Roofing
https://polokwanehub.com/category/roofing-contractors/myngenoegen/,"Roofing Contractors in Myngenoegen, Polokwane",1,c-d-roof-trusses-myngenoegen,C D Roof Trusses
https://polokwanehub.com/category/rubbish-rubble-removal/dalmada/,"Rubbish & Rubble Removal in Dalmada, Polokwane",1,ingwe-waste-management-dalmada,Ingwe Waste Management
https://polokwanehub.com/category/rubbish-rubble-removal/futura/,"Rubbish & Rubble Removal in Futura, Polokwane",1,skip-boyz-futura,Skip Boyz
https://polokwanehub.com/category/rubbish-rubble-removal/ladine/,"Rubbish & Rubble Removal in Ladine, Polokwane",1,the-red-bin-ladine,The Red Bin
https://polokwanehub.com/category/schools-education/annadale/,"Schools & Education in Annadale, Polokwane",1,apple-tree-creche-pre-school-annadale,Apple Tree Creche & Pre School
https://polokwanehub.com/category/schools-education/bendor-park/,"Schools & Education in Bendor Park, Polokwane",1,umalearning-bendor-park,UmaLearning
https://polokwanehub.com/category/schools-education/dalmada/,"Schools & Education in Dalmada, Polokwane",1,orel-christian-school-dalmada,Orel Christian School (Dalmada)
https://polokwanehub.com/category/schools-education/eduan-park/,"Schools & Education in Eduan Park, Polokwane",1,jabez-christian-academy-eduan-park,Jabez Christian Academy
https://polokwanehub.com/category/schools-education/extension-71/,"Schools & Education in Extension 71, Polokwane",1,new-look-primary-school-extension-71,New Look Primary School
https://polokwanehub.com/category/schools-education/fauna-park/,"Schools & Education in Fauna Park, Polokwane",1,mickey-minnie-pre-school-fauna-park,Mickey & Minnie Pre-School
https://polokwanehub.com/category/schools-education/hospark/,"Schools & Education in Hospital Park, Polokwane",1,erica-pre-primary-school-hospark,Erica Pre-Primary School
https://polokwanehub.com/category/schools-education/moregloed/,"Schools & Education in Moregloed, Polokwane",1,laerskool-pietersburg-oos-moregloed,Laerskool Pietersburg-Oos
https://polokwanehub.com/category/schools-education/seshego-zone-4/,"Schools & Education in Seshego Zone 4, Polokwane",1,m-e-makgato-secondary-school-seshego-zone-4,M.E. Makgato Secondary School
https://polokwanehub.com/category/security-services/bendor/,"Security Services in Bendor, Polokwane",1,callsave-bendor,Callsave
https://polokwanehub.com/category/security-services/capricorn/,"Security Services in Capricorn, Polokwane",1,the-polygraph-professionals-cc-capricorn,The Polygraph Professionals CC
https://polokwanehub.com/category/security-services/dalmada/,"Security Services in Dalmada, Polokwane",1,ensemble-security-dalmada,Ensemble Security
https://polokwanehub.com/category/security-services/fauna-park/,"Security Services in Fauna Park, Polokwane",1,s-h-s-security-fauna-park,S H S Security
https://polokwanehub.com/category/security-services/hospark/,"Security Services in Hospital Park, Polokwane",1,gabaza-security-services-hospark,Gabaza Security Services
https://polokwanehub.com/category/security-services/ladanna/,"Security Services in Ladanna, Polokwane",1,brave-group-security-services-ladanna,Brave Group Security Services
https://polokwanehub.com/category/security-services/penina-park/,"Security Services in Penina Park, Polokwane",1,bomat-security-service-penina-park,Bomat Security Service
https://polokwanehub.com/category/security-services/polokwane-central/,"Security Services in Polokwane Central, Polokwane",1,fidelity-adt-polokwane-polokwane-central,Fidelity ADT Polokwane
https://polokwanehub.com/category/security-services/seshego/,"Security Services in Seshego, Polokwane",1,limpo-security-seshego,Limpo Security
https://polokwanehub.com/category/security-services/superbia/,"Security Services in Superbia, Polokwane",1,netstar-polokwane-superbia,Netstar Polokwane
https://polokwanehub.com/category/security-services/thornhill-estate/,"Security Services in Thornhill Estate, Polokwane",1,regal-security-thornhill-estate,Regal Security
https://polokwanehub.com/category/shoe-stores/fauna-park/,"Shoe Stores in Fauna Park, Polokwane",1,rage-savannah-mall-fauna-park,Rage
https://polokwanehub.com/category/software-development/lebowakgomo/,"Software Development in Lebowakgomo, Polokwane",1,texcorp-solutions-lebowakgomo,Texcorp Solutions
https://polokwanehub.com/category/solar-renewable-energy/futura/,"Solar & Renewable Energy in Futura, Polokwane",1,great-north-power-solutions-futura,Great North Power Solutions
https://polokwanehub.com/category/spas-wellness/eduan-park/,"Spas & Wellness in Eduan Park, Polokwane",1,beauty-matters-eduan-park,Beauty Matters
https://polokwanehub.com/category/spas-wellness/thornhill-estate/,"Spas & Wellness in Thornhill Estate, Polokwane",1,skin-deep-thornhill-estate,Skin Deep
https://polokwanehub.com/category/spas-wellness/welgelegen/,"Spas & Wellness in Welgelegen, Polokwane",1,tshoseletso-day-and-mobile-spa-welgelegen,Tshoseletso Day and Mobile Spa
https://polokwanehub.com/category/supermarkets-groceries/annadale/,"Supermarkets & Groceries in Annadale, Polokwane",1,paris-supermarket-cafe-annadale,Paris Supermarket & Cafe
https://polokwanehub.com/category/supermarkets-groceries/flora-park/,"Supermarkets & Groceries in Flora Park, Polokwane",1,spar-flora-park-flora-park,Spar Flora Park
https://polokwanehub.com/category/supermarkets-groceries/ivy-park/,"Supermarkets & Groceries in Ivy Park, Polokwane",1,food-zone-ivy-park-ivy-park,Food Zone Ivy Park
https://polokwanehub.com/category/supermarkets-groceries/ladanna/,"Supermarkets & Groceries in Ladanna, Polokwane",1,foodzone-ladanna-ladanna,Foodzone Ladanna
https://polokwanehub.com/category/supermarkets-groceries/ladine/,"Supermarkets & Groceries in Ladine, Polokwane",1,goseame-wholesalers-ladine,Goseame Wholesalers
https://polokwanehub.com/category/supermarkets-groceries/thornhill-estate/,"Supermarkets & Groceries in Thornhill Estate, Polokwane",1,superspar-thornhill-thornhill-estate,SUPERSPAR Thornhill
https://polokwanehub.com/category/tax-practitioners/polokwane-central/,"Tax Practitioners in Polokwane Central, Polokwane",1,s-hansen-associates-polokwane-central,S Hansen & Associates
https://polokwanehub.com/category/tow-trucks-roadside/ladanna/,"Tow Trucks & Roadside Assistance in Ladanna, Polokwane",1,freds-towing-ladanna,Fred's Towing
https://polokwanehub.com/category/toy-stores/bendor/,"Toy Stores in Bendor, Polokwane",1,toys-r-us-bendor,Toys R Us
https://polokwanehub.com/category/travel-agents/sterpark/,"Travel Agents in Sterpark, Polokwane",1,babirwa-travel-sterpark,Babirwa Travel
https://polokwanehub.com/category/tyre-fitment-centres/fauna-park/,"Tyre Fitment Centres in Fauna Park, Polokwane",1,tiger-wheel-and-tyre-the-crossing-fauna-park,Tiger Wheel & Tyre The Crossing
https://polokwanehub.com/category/tyre-fitment-centres/ladanna/,"Tyre Fitment Centres in Ladanna, Polokwane",1,hi-q-ladanna-ladanna,Hi-Q Ladanna
https://polokwanehub.com/category/tyre-fitment-centres/ladine/,"Tyre Fitment Centres in Ladine, Polokwane",1,hi-q-polokwane-ladine-bendor-park,Hi-Q Polokwane Ladine
https://polokwanehub.com/category/tyre-fitment-centres/mankweng/,"Tyre Fitment Centres in Mankweng, Polokwane",1,supa-quick-tyre-experts-paledi-mankweng,Supa Quick Tyre Experts Paledi
https://polokwanehub.com/category/vets-animal-care/fauna-park/,"Vets & Animal Care in Fauna Park, Polokwane",1,fauna-veterinary-clinic-fauna-park,Fauna Veterinary Clinic
https://polokwanehub.com/category/vets-animal-care/ladanna/,"Vets & Animal Care in Ladanna, Polokwane",1,capricorn-animal-health-ladanna,Capricorn Animal Health
https://polokwanehub.com/category/vets-animal-care/moregloed/,"Vets & Animal Care in Moregloed, Polokwane",1,woofels-doggie-parlour-moregloed,Woofels Doggie Parlour
https://polokwanehub.com/category/vets-animal-care/roodepoort-polokwane/,"Vets & Animal Care in Roodepoort, Polokwane",1,spca-polokwane-roodepoort,SPCA Polokwane
https://polokwanehub.com/category/vets-animal-care/sterpark/,"Vets & Animal Care in Sterpark, Polokwane",1,wolkberg-veterinary-clinic-sterpark,Wolkberg Veterinary Clinic
https://polokwanehub.com/category/accommodation/polokwane-central/,"Accommodation in Polokwane Central, Polokwane",2,eskulaap-hotel-polokwane-central | jacaranda-lodge-polokwane-central,Eskulaap Hotel | Jacaranda Lodge
https://polokwanehub.com/category/accountants/eduan-park/,"Accountants in Eduan Park, Polokwane",2,atb-chartered-accountants-eduan-park | virtual-bookkeeping-graphic-design-eduan-park,ATB Chartered Accountants | Virtual Bookkeeping & Graphic Design
https://polokwanehub.com/category/agricultural-farming-supplies/ladine/,"Agricultural & Farming Supplies in Ladine, Polokwane",2,snyman-voere-ladine | tony-turner-agencies-ladine,Snyman Voere | Tony Turner Agencies
https://polokwanehub.com/category/agricultural-farming-supplies/magna-via/,"Agricultural & Farming Supplies in Magna Via Industrial, Polokwane",2,new-holland-limpopo-polokwane-magna-via | tts-polokwane-magna-via,New Holland Limpopo (Polokwane branch) | TTS Polokwane (Massey Ferguson dealer)
https://polokwanehub.com/category/attorneys-legal/eduan-park/,"Attorneys & Legal Services in Eduan Park, Polokwane",2,keneilwe-mabapa-attorneys-eduan-park | laas-attorneys-eduan-park,Keneilwe Mabapa Attorneys | LAAS Attorneys
https://polokwanehub.com/category/attorneys-legal/ivy-park/,"Attorneys & Legal Services in Ivy Park, Polokwane",2,malahlela-attorneys-ivy-park | mpati-attorneys-ivy-park,Malahlela Attorneys | Mpati Attorneys
https://polokwanehub.com/category/attorneys-legal/lebowakgomo/,"Attorneys & Legal Services in Lebowakgomo, Polokwane",2,aphane-attorneys-lebowakgomo | rampora-attorneys-lebowakgomo,Aphane Attorneys | J.M Rampora Attorneys
https://polokwanehub.com/category/attorneys-legal/nirvana/,"Attorneys & Legal Services in Nirvana, Polokwane",2,farouk-gani-attorneys-nirvana | harun-ebrahim-attorneys-nirvana,Farouk Gani Attorneys | Harun Ebrahim Attorneys
https://polokwanehub.com/category/automotive-repairs/nirvana/,"Automotive & Repairs in Nirvana, Polokwane",2,cartime-nirvana-nirvana | tens-automotive-nirvana,CARtime Nirvana | Tens Automotive
https://polokwanehub.com/category/beauty-hair-salons/bendor-park/,"Beauty & Hair Salons in Bendor Park, Polokwane",2,beauty-cafe-cycad-centre-bendor-park | smoochie-kids-salon-spa-bendor-park,Beauty Cafe Cycad Centre | Smoochie Kids Salon and Spa
https://polokwanehub.com/category/beauty-hair-salons/polokwane-central/,"Beauty & Hair Salons in Polokwane Central, Polokwane",2,skydiva-hair-moregloed | therapy-beautique-polokwane-central,Skydiva Hair | Therapy Beautique
https://polokwanehub.com/category/beauty-hair-salons/seshego/,"Beauty & Hair Salons in Seshego, Polokwane",2,hairby-ntshunxeko-seshego | myface-beauty-and-stylist-seshego,Hairby Ntshunxeko | MyFace Beauty and Stylist
https://polokwanehub.com/category/books-stationery/bendor/,"Books & Stationery in Bendor, Polokwane",2,bargain-books-mall-of-the-north-bendor | pna-mall-of-the-north-bendor,Bargain Books Mall of the North | PNA Mall of the North
https://polokwanehub.com/category/books-stationery/fauna-park/,"Books & Stationery in Fauna Park, Polokwane",2,bargain-books-savannah-mall-fauna-park | pna-savannah-mall-fauna-park,Bargain Books | PNA
https://polokwanehub.com/category/building-construction/superbia/,"Building & Construction in Superbia, Polokwane",2,rabe-construction-superbia | rsc-polokwane-superbia,Rabe Construction | RSC Polokwane
https://polokwanehub.com/category/butcheries/bendor/,"Butcheries in Bendor, Polokwane",2,biltong-pret-mall-of-the-north-bendor | freshwell-bendor,Biltong Pret | Freshwell
https://polokwanehub.com/category/butcheries/polokwane-central/,"Butcheries in Polokwane Central, Polokwane",2,meat-world-the-greenery-polokwane-central | vleislapa-moregloed,Meat World The Greenery | Vleislapa
https://polokwanehub.com/category/car-dealerships/futura/,"Car Dealerships in Futura, Polokwane",2,b-b-truck-tractor-futura | lenkay-motors-futura,B B Truck & Tractor | Lenkay Motors
https://polokwanehub.com/category/car-dealerships/ladanna/,"Car Dealerships in Ladanna, Polokwane",2,ace-auto-salvage-ladanna | madiba-motors-ladanna,Ace Auto Salvage | Madiba Motors
https://polokwanehub.com/category/car-wash-detailing/polokwane-central/,"Car Wash & Detailing in Polokwane Central, Polokwane",2,gizaras-carwash-cleaning-services-polokwane-central | lifestyle-corner-valet-and-lounge-polokwane-central,Gizara's Carwash & Cleaning Services | Lifestyle Corner Valet and Lounge
https://polokwanehub.com/category/churches-religious-organisations/welgelegen/,"Churches & Religious Organisations in Welgelegen, Polokwane",2,ap-kerk-pietersburg-welgelegen | nederduitsch-hervormde-kerk-welgelegen-welgelegen,AP Kerk Pietersburg | Nederduitsch Hervormde Kerk Welgelegen
https://polokwanehub.com/category/clinics-healthcare/bendor/,"Clinics & Healthcare in Bendor, Polokwane",2,bendormed-bendor | prime-spine-chiropractic-bendor,BendorMed | Prime Spine
https://polokwanehub.com/category/clinics-healthcare/seshego-zone-1/,"Clinics & Healthcare in Seshego Zone 1, Polokwane",2,seshego-hospital-seshego-zone-1 | seshego-zone-1-clinic-seshego-zone-1,Seshego Hospital | Seshego Zone 1 Clinic
https://polokwanehub.com/category/electronics-appliances/polokwane-central/,"Electronics & Appliances in Polokwane Central, Polokwane",2,acdc-express-polokwane-central | hificorp-polokwane-central,ACDC Express | HiFiCorp
https://polokwanehub.com/category/engineering-surveying/welgelegen/,"Engineering & Surveying Services in Welgelegen, Polokwane",2,aecom-sa-welgelegen | maswika-consulting-engineers-welgelegen,AECOM SA (Pty) Ltd | Maswika Consulting Engineers
https://polokwanehub.com/category/estate-agents/bendor-park/,"Estate Agents in Bendor Park, Polokwane",2,fine-and-country-ansie-marais-properties-bendor-park | seeff-polokwane-bendor-park,Fine And Country /Ansie Marais Properties | Seeff Polokwane
https://polokwanehub.com/category/fitness-gyms/polokwane-central/,"Fitness & Gyms in Polokwane Central, Polokwane",2,body-life-gym-polokwane-central | virgin-active-polokwane-polokwane-central,Body Life Gym | Virgin Active Polokwane
https://polokwanehub.com/category/fuel-stations/bendor/,"Fuel Stations & Garages in Bendor, Polokwane",2,sasol-bendor-bendor | shell-bendor-service-station-bendor,Sasol Bendor | Shell Bendor Service Station
https://polokwanehub.com/category/funeral-services/lebowakgomo/,"Funeral Services in Lebowakgomo, Polokwane",2,lebowa-funeral-parlour-lebowakgomo | phuti-funeral-ministry-group-lebowakgomo,Lebowa Funeral Parlour | Phuti Funeral Ministry Group Lebowakgomo
https://polokwanehub.com/category/funeral-services/polokwane-central/,"Funeral Services in Polokwane Central, Polokwane",2,mamashela-funeral-directors-tombstone-polokwane-central | pietersburg-funeral-supplies-polokwane-central,Mamashela Funeral Directors & Tombstone | Pietersburg Funeral Supplies
https://polokwanehub.com/category/general-retail/bendor-park/,"General Retail in Bendor Park, Polokwane",2,oasis-water-platinum-park-bendor-park | the-crazy-store-cycad-centre-bendor-park,Oasis Water Platinum Park | The Crazy Store Cycad Centre
https://polokwanehub.com/category/general-retail/lebowakgomo/,"General Retail in Lebowakgomo, Polokwane",2,game-mall-lebo-lebowakgomo | sonpra-lebowakgomo-lebowakgomo,Game Lebowakgomo | Sonpra Lebowakgomo
https://polokwanehub.com/category/general-retail/mankweng/,"General Retail in Mankweng, Polokwane",2,cash-crusaders-paledi-mall-mankweng | total-sports-paledi-mall-mankweng,Cash Crusaders Paledi Mall | Total Sports Paledi Mall
https://polokwanehub.com/category/general-retail/nirvana/,"General Retail in Nirvana, Polokwane",2,enterprise-wholesalers-nirvana | fashion-crimp-house-nirvana,Enterprise Wholesalers | Fashion Crimp House
https://polokwanehub.com/category/government-municipal-services/lebowakgomo/,"Government Offices & Municipal Services in Lebowakgomo, Polokwane",2,leda-lebowakgomo-lebowakgomo | lepelle-nkumpi-local-municipality-lebowakgomo,LEDA Lebowakgomo | Lepelle-Nkumpi Local Municipality
https://polokwanehub.com/category/government-municipal-services/westenburg/,"Government Offices & Municipal Services in Westenburg, Polokwane",2,westenburg-library-westenburg | westenburg-police-station-westenburg,Westenburg Library | Westenburg Police Station
https://polokwanehub.com/category/industrial-suppliers-manufacturing/hospark/,"Industrial Suppliers & Manufacturing in Hospital Park, Polokwane",2,jaggertech-industrial-supplies-hospark | scrap-metal-lady-hospark,JaggerTech Industrial Supplies and Services CC | Scrap Metal Lady
https://polokwanehub.com/category/industrial-suppliers-manufacturing/seshego/,"Industrial Suppliers & Manufacturing in Seshego, Polokwane",2,nampak-liquid-packaging-seshego | seshego-medical-depot-seshego,Nampak Liquid Packaging | Seshego Medical Depot
https://polokwanehub.com/category/insurance/bendor-park/,"Insurance in Bendor Park, Polokwane",2,actus-insurance-brokers-bendor-park | salvus-commercial-insurance-brokers-bendor-park,Actus Insurance Brokers | Salvus Commercial Insurance Brokers
https://polokwanehub.com/category/insurance/polokwane-central/,"Insurance in Polokwane Central, Polokwane",2,ebony-insurance-brokers-polokwane-central | indwe-risk-services-polokwane-central,Ebony Insurance Brokers | Indwe Risk Services
https://polokwanehub.com/category/jewellers/fauna-park/,"Jewellers in Fauna Park, Polokwane",2,american-swiss-savannah-mall-fauna-park | debbie-mouton-jewellers-fauna-park,American Swiss | Debbie Mouton Jewellers
https://polokwanehub.com/category/liquor-stores/annadale/,"Liquor Stores in Annadale, Polokwane",2,oude-biek-bottle-store-annadale | right-price-liquor-store-annadale,Oude Biek Bottle Store CC | Right Price Liquor Store
https://polokwanehub.com/category/liquor-stores/bendor-park/,"Liquor Stores in Bendor Park, Polokwane",2,pick-n-pay-liquor-cycad-bendor-park | tops-at-spar-platinum-park-bendor-park,Pick n Pay Liquor Cycad | Tops at Spar Platinum Park
https://polokwanehub.com/category/liquor-stores/flora-park/,"Liquor Stores in Flora Park, Polokwane",2,amigos-liquor-store-flora-park | tops-at-spar-flora-park-flora-park,Amigos Liquor Store | Tops at Spar Flora Park
https://polokwanehub.com/category/liquor-stores/lebowakgomo/,"Liquor Stores in Lebowakgomo, Polokwane",2,shoprite-liquorshop-lebowakgomo-lebowakgomo | tops-at-spar-mall-lebo-lebowakgomo,Shoprite LiquorShop Lebowakgomo | Tops at Spar Mall@Lebo
https://polokwanehub.com/category/liquor-stores/polokwane-central/,"Liquor Stores in Polokwane Central, Polokwane",2,shoprite-liquorshop-schoeman-street-polokwane-central | tops-game-centre-polokwane-central,Shoprite LiquorShop Schoeman Street | Tops at Spar Game Centre
https://polokwanehub.com/category/liquor-stores/seshego/,"Liquor Stores in Seshego, Polokwane",2,shoprite-liquorshop-seshego-seshego | tops-at-spar-madiba-park-seshego,Shoprite LiquorShop Seshego | Tops at Spar Madiba Park
https://polokwanehub.com/category/logistics-courier-transport/flora-park/,"Logistics, Courier & Transport in Flora Park, Polokwane",2,marakalala-transport-flora-park | postnet-flora-park-flora-park,Marakalala Transport | PostNet Flora Park
https://polokwanehub.com/category/logistics-courier-transport/polokwane-central/,"Logistics, Courier & Transport in Polokwane Central, Polokwane",2,postnet-library-gardens-polokwane-central | postnet-polokwane-north-polokwane-central,PostNet Library Gardens | PostNet Polokwane North
https://polokwanehub.com/category/logistics-courier-transport/westenburg/,"Logistics, Courier & Transport in Westenburg, Polokwane",2,hamba-buya-tours-westenburg | westenburg-post-office-westenburg,Hamba Buya Tours | Westenburg Post Office
https://polokwanehub.com/category/mobile-phones/mankweng/,"Mobile Phones & Accessories in Mankweng, Polokwane",2,pep-cell-mankweng-turfloop-plaza-mankweng | pep-cell-paledi-mall-mankweng,PEP Cell Mankweng Turfloop Plaza | PEP Cell Mankweng Paledi Mall
https://polokwanehub.com/category/mobile-phones/polokwane-central/,"Mobile Phones & Accessories in Polokwane Central, Polokwane",2,mtn-store-checkers-centre-polokwane-central | vodacom-shop-schoeman-street-polokwane-central,MTN Store Checkers Centre | Vodacom Shop Polokwane Schoeman Street
https://polokwanehub.com/category/mobile-phones/seshego/,"Mobile Phones & Accessories in Seshego, Polokwane",2,pep-cell-seshego-circle-seshego | vodacom-seshego-circle-seshego,PEP Cell Seshego Circle | Vodacom Seshego Circle
https://polokwanehub.com/category/museums-heritage-sites/polokwane-central/,"Museums & Heritage Sites in Polokwane Central, Polokwane",2,polokwane-art-museum-polokwane-central | the-irish-house-polokwane-central,Polokwane Art Museum | The Irish House
https://polokwanehub.com/category/opticians/bendor-park/,"Opticians in Bendor Park, Polokwane",2,jason-stander-optometrists-bendor-park | vision-works-platinum-park-bendor-park,Jason Stander Optometrists | Vision Works Platinum Park
https://polokwanehub.com/category/opticians/hospark/,"Opticians in Hospital Park, Polokwane",2,clear-target-optometrist-hospark | spectacle-hut-hospark,Clear Target Optometrist | Spectacle Hut
https://polokwanehub.com/category/opticians/mankweng/,"Opticians in Mankweng, Polokwane",2,lekola-kgerele-optometrist-mankweng | masethe-bh-optometrists-mankweng,Lekola Kgerele Optometrist | Masethe B.H Optometrists
https://polokwanehub.com/category/panel-beaters-spray-painters/futura/,"Panel Beaters & Spray Painters in Futura, Polokwane",2,auto-magic-polokwane-futura | northern-auto-panelbeaters-futura,Auto Magic Polokwane | Northern Auto Panelbeaters
https://polokwanehub.com/category/panel-beaters-spray-painters/nirvana/,"Panel Beaters & Spray Painters in Nirvana, Polokwane",2,limdent-auto-body-technologies-nirvana | rabie-panel-beaters-nirvana,Limdent Auto Body Technologies | Rabie Panel Beaters
https://polokwanehub.com/category/panel-beaters-spray-painters/superbia/,"Panel Beaters & Spray Painters in Superbia, Polokwane",2,auto-magic-superbia | thomsons-body-107-superbia,Auto Magic | Thomson's Body 107
https://polokwanehub.com/category/pharmacies/bendor-park/,"Pharmacies in Bendor Park, Polokwane",2,clicks-cycad-centre-bendor-park | dis-chem-platinum-park-bendor-park,Clicks Cycad Centre | Dis-Chem Platinum Park
https://polokwanehub.com/category/pharmacies/seshego/,"Pharmacies in Seshego, Polokwane",2,clicks-seshego-circle-seshego | nkateko-pharmacy-seshego,Clicks Seshego Circle | Nkateko Pharmacy
https://polokwanehub.com/category/photographers/polokwane-central/,"Photographers in Polokwane Central, Polokwane",2,freelance-photo-centre-moregloed | i-d-studio-photos-and-photocopies-moregloed,Freelance Photo Centre | I D Studio Photos and Photocopies
https://polokwanehub.com/category/physiotherapists/bendor/,"Physiotherapists in Bendor, Polokwane",2,andries-van-zyl-physiotherapist-bendor | elizabeth-manning-physiotherapy-bendor,Andries van Zyl Physiotherapist | Elizabeth Manning Physiotherapy
https://polokwanehub.com/category/plumbers/polokwane-central/,"Plumbers in Polokwane Central, Polokwane",2,plumber-polokwane-polokwane-central | refinery-plumbing-polokwane-central,Plumber Polokwane | Refinery Plumbing
https://polokwanehub.com/category/printing-services/polokwane-central/,"Printing Services in Polokwane Central, Polokwane",2,jetline-polokwane-checkers-centre-polokwane-central | mini-printers-moregloed,Jetline Polokwane | Mini Printers
https://polokwanehub.com/category/printing-services/superbia/,"Printing Services in Superbia, Polokwane",2,dlb-signs-superbia | review-printers-superbia,DLB Signs | Review Printers
https://polokwanehub.com/category/recruitment-hr-services/bendor/,"Recruitment & HR Services in Bendor, Polokwane",2,boss-recruitment-bendor | quest-staffing-solutions-bendor,Boss Recruitment | Quest Staffing Solutions
https://polokwanehub.com/category/restaurants-takeaways/annadale/,"Restaurants & Takeaways in Annadale, Polokwane",2,pizzalitos-tropicana-annadale | rite-price-take-away-annadale,Pizzalito's Tropicana | Rite Price Take-Away
https://polokwanehub.com/category/restaurants-takeaways/ivy-park/,"Restaurants & Takeaways in Ivy Park, Polokwane",2,galitos-ivy-park-ivy-park | ghetto9nine-ivy-park,Galito's Ivy Park | Ghetto9Nine Ivy Park
https://polokwanehub.com/category/restaurants-takeaways/nirvana/,"Restaurants & Takeaways in Nirvana, Polokwane",2,asian-cuisine-nirvana | mochachos-nirvana-nirvana,Asian Cuisine Nirvana | Mochachos Nirvana
https://polokwanehub.com/category/restaurants-takeaways/penina-park/,"Restaurants & Takeaways in Penina Park, Polokwane",2,chickos-flame-grilled-chicken-penina-park | tuscan-place-restaurant-penina-park,Chicko's Flame Grilled Chicken | Tuscan Place Restaurant
https://polokwanehub.com/category/schools-education/bendor/,"Schools & Education in Bendor, Polokwane",2,kids-kingdom-preschool-bendor | trevors-haven-preschool-bendor,"Kids Kingdom Preschool | Trevor's Haven Preschool, Creche & Aftercare"
https://polokwanehub.com/category/schools-education/ivy-park/,"Schools & Education in Ivy Park, Polokwane",2,christian-achievers-academy-private-school-ivy-park | laerskool-ivy-park-ivy-park,Christian Achievers Academy Private School | Laerskool Ivy Park
https://polokwanehub.com/category/solar-renewable-energy/superbia/,"Solar & Renewable Energy in Superbia, Polokwane",2,gateway-maintenance-and-solar-superbia | girasole-energy-superbia,Gateway Maintenance and Solar | Girasole Energy
https://polokwanehub.com/category/spas-wellness/bendor-park/,"Spas & Wellness in Bendor Park, Polokwane",2,placecol-skin-care-clinic-cycad-bendor-park | renove-aesthetics-wellness-clinic-bendor-park,Placecol Skin Care Clinic Cycad | Renove Aesthetics & Wellness Clinic
https://polokwanehub.com/category/spas-wellness/fauna-park/,"Spas & Wellness in Fauna Park, Polokwane",2,lipo-slimming-clinic-fauna-park | reconnect-day-spa-fauna-park,Lipo Slimming Clinic | Reconnect Day Spa
https://polokwanehub.com/category/spas-wellness/hospark/,"Spas & Wellness in Hospital Park, Polokwane",2,aesthetico-hospark | peace-loving-spa-hospark,Aesthetico | Peace Loving Spa
https://polokwanehub.com/category/spas-wellness/sterpark/,"Spas & Wellness in Sterpark, Polokwane",2,orchid-aesthetic-clinic-sterpark | skin-deep-sterpark,Orchid Aesthetic Clinic | Skin Deep
https://polokwanehub.com/category/supermarkets-groceries/fauna-park/,"Supermarkets & Groceries in Fauna Park, Polokwane",2,checkers-savannah-mall-fauna-park | pick-n-pay-savannah-mall-fauna-park,Checkers Savannah Mall | Pick n Pay Savannah Mall
https://polokwanehub.com/category/supermarkets-groceries/nirvana/,"Supermarkets & Groceries in Nirvana, Polokwane",2,nirvana-supermarket-nirvana | pick-n-pay-local-polokwane-crescent-nirvana,Nirvana Supermarket | Pick n Pay Local Polokwane Crescent
https://polokwanehub.com/category/travel-agents/bendor/,"Travel Agents in Bendor, Polokwane",2,harvey-world-travel-bendor | rakoma-travel-bendor,Harvey World Travel | Rakoma Travel
https://polokwanehub.com/category/travel-agents/polokwane-central/,"Travel Agents in Polokwane Central, Polokwane",2,image-travel-and-tours-polokwane-central | mogau-traveling-agency-polokwane-central,Image Travel and Tours | Mogau Traveling Agency
https://polokwanehub.com/category/vets-animal-care/flora-park/,"Vets & Animal Care in Flora Park, Polokwane",2,capricorn-veterinary-laboratories-flora-park | hound-dogs-flora-park,Capricorn Veterinary Laboratories | Hound Dogs
https://polokwanehub.com/category/vets-animal-care/polokwane-central/,"Vets & Animal Care in Polokwane Central, Polokwane",2,pietersburg-vet-clinic-polokwane-central | polokwane-vet-clinic-polokwane-central,Pietersburg Vet Clinic | Polokwane Vet Clinic
